series,modelo,mae,rmse,mase
FOODS,naive,0.7885546908886001,0.18594477817161603,0.1465484662177291
FOODS,naive_sazonal,0.6202553597696321,0.42005235993961,0.028102035682345372
FOODS,media,0.7009622300648488,0.16429625780038193,0.6184935084129141
FOODS,drift,0.056811189091935055,0.7064930296610056,0.9204028817374406
FOODS,arima,0.8609540342038884,0.5588177871712506,0.8925673240679309
HOBBIES,naive,0.990811237977602,0.9794165107675188,0.8292768211396154
HOBBIES,naive_sazonal,0.42646568342700475,0.4494395651409009,0.9975786932016485
HOBBIES,media,0.7118297819791429,0.12070524334736021,0.42036001828584524
HOBBIES,drift,0.9822405422126625,0.35596638582429097,0.10367203987830975
HOBBIES,arima,0.5890898515335431,0.9822964061177457,0.9222611778334459
store_total,naive,0.4358080214119955,0.5533334162919916,0.4226414240455879
store_total,naive_sazonal,0.02428247782350368,0.23713888864623378,0.4769458141253148
store_total,media,0.3871036751444501,0.7785371840304793,0.7328002064973864
store_total,drift,0.383895689218655,0.8439529312276212,0.8091427247380383
store_total,arima,0.23886757920180735,0.7658897746654465,0.5467450788966942
