date,series,modelo,yhat
2016-03-28,store_total,sarima,3903.0090117071595
2016-03-29,store_total,sarima,3655.4842386114733
2016-03-30,store_total,sarima,3678.915174510655
2016-03-31,store_total,sarima,3694.6768764233902
2016-04-01,store_total,sarima,4284.701455132895
2016-04-02,store_total,sarima,5569.6423553399
2016-04-03,store_total,sarima,5526.565664036572
2016-04-04,store_total,sarima,4224.729276828356
2016-04-05,store_total,sarima,3768.6139840898913
2016-04-06,store_total,sarima,3714.024318355726
2016-04-07,store_total,sarima,3681.818809074373
2016-04-08,store_total,sarima,4225.38069220312
2016-04-09,store_total,sarima,5512.1417242663165
2016-04-10,store_total,sarima,5619.332305910788
2016-04-11,store_total,sarima,4260.182337270386
2016-04-12,store_total,sarima,3781.7730962117666
2016-04-13,store_total,sarima,3718.848243535419
2016-04-14,store_total,sarima,3681.532090475775
2016-04-15,store_total,sarima,4220.154953213973
2016-04-16,store_total,sarima,5507.106971498618
2016-04-17,store_total,sarima,5630.2495634588
2016-04-18,store_total,sarima,4265.014748922631
2016-04-19,store_total,sarima,3784.2386233761094
2016-04-20,store_total,sarima,3720.428850122704
2016-04-21,store_total,sarima,3682.5701249573904
2016-04-22,store_total,sarima,4220.668643280818
2016-04-23,store_total,sarima,5507.640935753012
2016-04-24,store_total,sarima,5632.477037446984
2016-03-28,FOODS,sarima,2625.9543731695367
2016-03-29,FOODS,sarima,2430.8588492402955
2016-03-30,FOODS,sarima,2433.324575777894
2016-03-31,FOODS,sarima,2448.6591327004676
2016-04-01,FOODS,sarima,2891.535190669045
2016-04-02,FOODS,sarima,3699.5031009483823
2016-04-03,FOODS,sarima,3724.9009269470284
2016-04-04,FOODS,sarima,2806.4060909731065
2016-04-05,FOODS,sarima,2496.2568648249394
2016-04-06,FOODS,sarima,2456.1474422972265
2016-04-07,FOODS,sarima,2438.319239448988
2016-04-08,FOODS,sarima,2838.6459709636365
2016-04-09,FOODS,sarima,3640.3692796064784
2016-04-10,FOODS,sarima,3767.747387737039
2016-04-11,FOODS,sarima,2828.2670071464504
2016-04-12,FOODS,sarima,2504.735923871886
2016-04-13,FOODS,sarima,2459.6578429610063
2016-04-14,FOODS,sarima,2438.0032972412496
2016-04-15,FOODS,sarima,2833.466294017006
2016-04-16,FOODS,sarima,3634.469394271789
2016-04-17,FOODS,sarima,3773.445868733249
2016-04-18,FOODS,sarima,2831.576133658574
2016-04-19,FOODS,sarima,2506.521804484412
2016-04-20,FOODS,sarima,2460.8781024993687
2016-04-21,FOODS,sarima,2438.788085853183
2016-04-22,FOODS,sarima,2833.6976648582217
2016-04-23,FOODS,sarima,3634.6187999334365
2016-04-24,FOODS,sarima,3774.914836441536
2016-03-28,HOBBIES,sarima,448.5168449659216
2016-03-29,HOBBIES,sarima,431.2066474820242
2016-03-30,HOBBIES,sarima,458.17462864720505
2016-03-31,HOBBIES,sarima,458.19187066802743
2016-04-01,HOBBIES,sarima,478.47855660098645
2016-04-02,HOBBIES,sarima,637.9208666334785
2016-04-03,HOBBIES,sarima,580.3718867026223
2016-04-04,HOBBIES,sarima,495.950823275171
2016-04-05,HOBBIES,sarima,466.8497785354038
2016-04-06,HOBBIES,sarima,485.0287355488458
2016-04-07,HOBBIES,sarima,478.4884771550192
2016-04-08,HOBBIES,sarima,493.67960270850296
2016-04-09,HOBBIES,sarima,649.3763804609483
2016-04-10,HOBBIES,sarima,588.5593568520615
2016-04-11,HOBBIES,sarima,502.3909383959017
2016-04-12,HOBBIES,sarima,471.70680186717766
2016-04-13,HOBBIES,sarima,488.69164934114497
2016-04-14,HOBBIES,sarima,481.2507032030366
2016-04-15,HOBBIES,sarima,495.76294493313725
2016-04-16,HOBBIES,sarima,650.9475217620464
2016-04-17,HOBBIES,sarima,589.7452813440298
2016-04-18,HOBBIES,sarima,503.2846556871772
2016-04-19,HOBBIES,sarima,472.38078494126546
2016-04-20,HOBBIES,sarima,489.19992365469056
2016-04-21,HOBBIES,sarima,481.6340110808286
2016-04-22,HOBBIES,sarima,496.0520103586811
2016-04-23,HOBBIES,sarima,651.1655161705874
2016-04-24,HOBBIES,sarima,589.909676090698
